1,1871,22.5900
2,1871,22.5900
3,1871,22.5900
4,1871,22.5900
5,1871,22.5900
6,1871,22.5900
7,1871,22.5900
8,1871,22.5900
9,1871,22.5900
10,1871,22.5900
11,1871,22.5900
12,1871,22.5900
1,1872,23.1900
2,1872,23.1900
3,1872,23.1900
4,1872,23.1900
5,1872,23.1900
6,1872,23.1900
7,1872,23.1900
8,1872,23.1900
9,1872,23.1900
10,1872,23.1900
11,1872,23.1900
12,1872,23.1900
1,1873,22.7400
2,1873,22.7400
3,1873,22.7400
4,1873,22.7400
5,1873,22.7400
6,1873,22.7400
7,1873,22.7400
8,1873,22.7400
9,1873,22.7400
10,1873,22.7400
11,1873,22.7400
12,1873,22.7400
1,1874,23.0900
2,1874,23.0900
3,1874,23.0900
4,1874,23.0900
5,1874,23.0900
6,1874,23.0900
7,1874,23.0900
8,1874,23.0900
9,1874,23.0900
10,1874,23.0900
11,1874,23.0900
12,1874,23.0900
1,1875,23.5400
2,1875,23.5400
3,1875,23.5400
4,1875,23.5400
5,1875,23.5400
6,1875,23.5400
7,1875,23.5400
8,1875,23.5400
9,1875,23.5400
10,1875,23.5400
11,1875,23.5400
12,1875,23.5400
1,1876,22.3000
2,1876,22.3000
3,1876,22.3000
4,1876,22.3000
5,1876,22.3000
6,1876,22.3000
7,1876,22.3000
8,1876,22.3000
9,1876,22.3000
10,1876,22.3000
11,1876,22.3000
12,1876,22.3000
1,1877,21.2500
2,1877,21.2500
3,1877,21.2500
4,1877,21.2500
5,1877,21.2500
6,1877,21.2500
7,1877,21.2500
8,1877,21.2500
9,1877,21.2500
10,1877,21.2500
11,1877,21.2500
12,1877,21.2500
1,1878,20.6900
2,1878,20.6900
3,1878,20.6900
4,1878,20.6900
5,1878,20.6900
6,1878,20.6900
7,1878,20.6900
8,1878,20.6900
9,1878,20.6900
10,1878,20.6900
11,1878,20.6900
12,1878,20.6900
1,1879,20.6700
2,1879,20.6700
3,1879,20.6700
4,1879,20.6700
5,1879,20.6700
6,1879,20.6700
7,1879,20.6700
8,1879,20.6700
9,1879,20.6700
10,1879,20.6700
11,1879,20.6700
12,1879,20.6700
1,1880,20.6700
2,1880,20.6700
3,1880,20.6700
4,1880,20.6700
5,1880,20.6700
6,1880,20.6700
7,1880,20.6700
8,1880,20.6700
9,1880,20.6700
10,1880,20.6700
11,1880,20.6700
12,1880,20.6700
1,1881,20.6700
2,1881,20.6700
3,1881,20.6700
4,1881,20.6700
5,1881,20.6700
6,1881,20.6700
7,1881,20.6700
8,1881,20.6700
9,1881,20.6700
10,1881,20.6700
11,1881,20.6700
12,1881,20.6700
1,1882,20.6700
2,1882,20.6700
3,1882,20.6700
4,1882,20.6700
5,1882,20.6700
6,1882,20.6700
7,1882,20.6700
8,1882,20.6700
9,1882,20.6700
10,1882,20.6700
11,1882,20.6700
12,1882,20.6700
1,1883,20.6700
2,1883,20.6700
3,1883,20.6700
4,1883,20.6700
5,1883,20.6700
6,1883,20.6700
7,1883,20.6700
8,1883,20.6700
9,1883,20.6700
10,1883,20.6700
11,1883,20.6700
12,1883,20.6700
1,1884,20.6700
2,1884,20.6700
3,1884,20.6700
4,1884,20.6700
5,1884,20.6700
6,1884,20.6700
7,1884,20.6700
8,1884,20.6700
9,1884,20.6700
10,1884,20.6700
11,1884,20.6700
12,1884,20.6700
1,1885,20.6700
2,1885,20.6700
3,1885,20.6700
4,1885,20.6700
5,1885,20.6700
6,1885,20.6700
7,1885,20.6700
8,1885,20.6700
9,1885,20.6700
10,1885,20.6700
11,1885,20.6700
12,1885,20.6700
1,1886,20.6700
2,1886,20.6700
3,1886,20.6700
4,1886,20.6700
5,1886,20.6700
6,1886,20.6700
7,1886,20.6700
8,1886,20.6700
9,1886,20.6700
10,1886,20.6700
11,1886,20.6700
12,1886,20.6700
1,1887,20.6700
2,1887,20.6700
3,1887,20.6700
4,1887,20.6700
5,1887,20.6700
6,1887,20.6700
7,1887,20.6700
8,1887,20.6700
9,1887,20.6700
10,1887,20.6700
11,1887,20.6700
12,1887,20.6700
1,1888,20.6700
2,1888,20.6700
3,1888,20.6700
4,1888,20.6700
5,1888,20.6700
6,1888,20.6700
7,1888,20.6700
8,1888,20.6700
9,1888,20.6700
10,1888,20.6700
11,1888,20.6700
12,1888,20.6700
1,1889,20.6700
2,1889,20.6700
3,1889,20.6700
4,1889,20.6700
5,1889,20.6700
6,1889,20.6700
7,1889,20.6700
8,1889,20.6700
9,1889,20.6700
10,1889,20.6700
11,1889,20.6700
12,1889,20.6700
1,1890,20.6700
2,1890,20.6700
3,1890,20.6700
4,1890,20.6700
5,1890,20.6700
6,1890,20.6700
7,1890,20.6700
8,1890,20.6700
9,1890,20.6700
10,1890,20.6700
11,1890,20.6700
12,1890,20.6700
1,1891,20.6700
2,1891,20.6700
3,1891,20.6700
4,1891,20.6700
5,1891,20.6700
6,1891,20.6700
7,1891,20.6700
8,1891,20.6700
9,1891,20.6700
10,1891,20.6700
11,1891,20.6700
12,1891,20.6700
1,1892,20.6700
2,1892,20.6700
3,1892,20.6700
4,1892,20.6700
5,1892,20.6700
6,1892,20.6700
7,1892,20.6700
8,1892,20.6700
9,1892,20.6700
10,1892,20.6700
11,1892,20.6700
12,1892,20.6700
1,1893,20.6700
2,1893,20.6700
3,1893,20.6700
4,1893,20.6700
5,1893,20.6700
6,1893,20.6700
7,1893,20.6700
8,1893,20.6700
9,1893,20.6700
10,1893,20.6700
11,1893,20.6700
12,1893,20.6700
1,1894,20.6700
2,1894,20.6700
3,1894,20.6700
4,1894,20.6700
5,1894,20.6700
6,1894,20.6700
7,1894,20.6700
8,1894,20.6700
9,1894,20.6700
10,1894,20.6700
11,1894,20.6700
12,1894,20.6700
1,1895,20.6700
2,1895,20.6700
3,1895,20.6700
4,1895,20.6700
5,1895,20.6700
6,1895,20.6700
7,1895,20.6700
8,1895,20.6700
9,1895,20.6700
10,1895,20.6700
11,1895,20.6700
12,1895,20.6700
1,1896,20.6700
2,1896,20.6700
3,1896,20.6700
4,1896,20.6700
5,1896,20.6700
6,1896,20.6700
7,1896,20.6700
8,1896,20.6700
9,1896,20.6700
10,1896,20.6700
11,1896,20.6700
12,1896,20.6700
1,1897,20.6700
2,1897,20.6700
3,1897,20.6700
4,1897,20.6700
5,1897,20.6700
6,1897,20.6700
7,1897,20.6700
8,1897,20.6700
9,1897,20.6700
10,1897,20.6700
11,1897,20.6700
12,1897,20.6700
1,1898,20.6700
2,1898,20.6700
3,1898,20.6700
4,1898,20.6700
5,1898,20.6700
6,1898,20.6700
7,1898,20.6700
8,1898,20.6700
9,1898,20.6700
10,1898,20.6700
11,1898,20.6700
12,1898,20.6700
1,1899,20.6700
2,1899,20.6700
3,1899,20.6700
4,1899,20.6700
5,1899,20.6700
6,1899,20.6700
7,1899,20.6700
8,1899,20.6700
9,1899,20.6700
10,1899,20.6700
11,1899,20.6700
12,1899,20.6700
1,1900,20.6700
2,1900,20.6700
3,1900,20.6700
4,1900,20.6700
5,1900,20.6700
6,1900,20.6700
7,1900,20.6700
8,1900,20.6700
9,1900,20.6700
10,1900,20.6700
11,1900,20.6700
12,1900,20.6700
1,1901,20.6700
2,1901,20.6700
3,1901,20.6700
4,1901,20.6700
5,1901,20.6700
6,1901,20.6700
7,1901,20.6700
8,1901,20.6700
9,1901,20.6700
10,1901,20.6700
11,1901,20.6700
12,1901,20.6700
1,1902,20.6700
2,1902,20.6700
3,1902,20.6700
4,1902,20.6700
5,1902,20.6700
6,1902,20.6700
7,1902,20.6700
8,1902,20.6700
9,1902,20.6700
10,1902,20.6700
11,1902,20.6700
12,1902,20.6700
1,1903,20.6700
2,1903,20.6700
3,1903,20.6700
4,1903,20.6700
5,1903,20.6700
6,1903,20.6700
7,1903,20.6700
8,1903,20.6700
9,1903,20.6700
10,1903,20.6700
11,1903,20.6700
12,1903,20.6700
1,1904,20.6700
2,1904,20.6700
3,1904,20.6700
4,1904,20.6700
5,1904,20.6700
6,1904,20.6700
7,1904,20.6700
8,1904,20.6700
9,1904,20.6700
10,1904,20.6700
11,1904,20.6700
12,1904,20.6700
1,1905,20.6700
2,1905,20.6700
3,1905,20.6700
4,1905,20.6700
5,1905,20.6700
6,1905,20.6700
7,1905,20.6700
8,1905,20.6700
9,1905,20.6700
10,1905,20.6700
11,1905,20.6700
12,1905,20.6700
1,1906,20.6700
2,1906,20.6700
3,1906,20.6700
4,1906,20.6700
5,1906,20.6700
6,1906,20.6700
7,1906,20.6700
8,1906,20.6700
9,1906,20.6700
10,1906,20.6700
11,1906,20.6700
12,1906,20.6700
1,1907,20.6700
2,1907,20.6700
3,1907,20.6700
4,1907,20.6700
5,1907,20.6700
6,1907,20.6700
7,1907,20.6700
8,1907,20.6700
9,1907,20.6700
10,1907,20.6700
11,1907,20.6700
12,1907,20.6700
1,1908,20.6700
2,1908,20.6700
3,1908,20.6700
4,1908,20.6700
5,1908,20.6700
6,1908,20.6700
7,1908,20.6700
8,1908,20.6700
9,1908,20.6700
10,1908,20.6700
11,1908,20.6700
12,1908,20.6700
1,1909,20.6700
2,1909,20.6700
3,1909,20.6700
4,1909,20.6700
5,1909,20.6700
6,1909,20.6700
7,1909,20.6700
8,1909,20.6700
9,1909,20.6700
10,1909,20.6700
11,1909,20.6700
12,1909,20.6700
1,1910,20.6700
2,1910,20.6700
3,1910,20.6700
4,1910,20.6700
5,1910,20.6700
6,1910,20.6700
7,1910,20.6700
8,1910,20.6700
9,1910,20.6700
10,1910,20.6700
11,1910,20.6700
12,1910,20.6700
1,1911,20.6700
2,1911,20.6700
3,1911,20.6700
4,1911,20.6700
5,1911,20.6700
6,1911,20.6700
7,1911,20.6700
8,1911,20.6700
9,1911,20.6700
10,1911,20.6700
11,1911,20.6700
12,1911,20.6700
1,1912,20.6700
2,1912,20.6700
3,1912,20.6700
4,1912,20.6700
5,1912,20.6700
6,1912,20.6700
7,1912,20.6700
8,1912,20.6700
9,1912,20.6700
10,1912,20.6700
11,1912,20.6700
12,1912,20.6700
1,1913,20.6700
2,1913,20.6700
3,1913,20.6700
4,1913,20.6700
5,1913,20.6700
6,1913,20.6700
7,1913,20.6700
8,1913,20.6700
9,1913,20.6700
10,1913,20.6700
11,1913,20.6700
12,1913,20.6700
1,1914,20.6700
2,1914,20.6700
3,1914,20.6700
4,1914,20.6700
5,1914,20.6700
6,1914,20.6700
7,1914,20.6700
8,1914,20.6700
9,1914,20.6700
10,1914,20.6700
11,1914,20.6700
12,1914,20.6700
1,1915,20.6700
2,1915,20.6700
3,1915,20.6700
4,1915,20.6700
5,1915,20.6700
6,1915,20.6700
7,1915,20.6700
8,1915,20.6700
9,1915,20.6700
10,1915,20.6700
11,1915,20.6700
12,1915,20.6700
1,1916,20.6700
2,1916,20.6700
3,1916,20.6700
4,1916,20.6700
5,1916,20.6700
6,1916,20.6700
7,1916,20.6700
8,1916,20.6700
9,1916,20.6700
10,1916,20.6700
11,1916,20.6700
12,1916,20.6700
1,1917,20.6700
2,1917,20.6700
3,1917,20.6700
4,1917,20.6700
5,1917,20.6700
6,1917,20.6700
7,1917,20.6700
8,1917,20.6700
9,1917,20.6700
10,1917,20.6700
11,1917,20.6700
12,1917,20.6700
1,1918,20.6700
2,1918,20.6700
3,1918,20.6700
4,1918,20.6700
5,1918,20.6700
6,1918,20.6700
7,1918,20.6700
8,1918,20.6700
9,1918,20.6700
10,1918,20.6700
11,1918,20.6700
12,1918,20.6700
1,1919,20.6700
2,1919,20.6700
3,1919,20.6700
4,1919,20.6700
5,1919,20.6700
6,1919,20.6700
7,1919,20.6700
8,1919,20.6700
9,1919,20.6700
10,1919,20.6700
11,1919,20.6700
12,1919,20.6700
1,1920,20.6700
2,1920,20.6700
3,1920,20.6700
4,1920,20.6700
5,1920,20.6700
6,1920,20.6700
7,1920,20.6700
8,1920,20.6700
9,1920,20.6700
10,1920,20.6700
11,1920,20.6700
12,1920,20.6700
1,1921,20.6700
2,1921,20.6700
3,1921,20.6700
4,1921,20.6700
5,1921,20.6700
6,1921,20.6700
7,1921,20.6700
8,1921,20.6700
9,1921,20.6700
10,1921,20.6700
11,1921,20.6700
12,1921,20.6700
1,1922,20.6700
2,1922,20.6700
3,1922,20.6700
4,1922,20.6700
5,1922,20.6700
6,1922,20.6700
7,1922,20.6700
8,1922,20.6700
9,1922,20.6700
10,1922,20.6700
11,1922,20.6700
12,1922,20.6700
1,1923,20.6700
2,1923,20.6700
3,1923,20.6700
4,1923,20.6700
5,1923,20.6700
6,1923,20.6700
7,1923,20.6700
8,1923,20.6700
9,1923,20.6700
10,1923,20.6700
11,1923,20.6700
12,1923,20.6700
1,1924,20.6700
2,1924,20.6700
3,1924,20.6700
4,1924,20.6700
5,1924,20.6700
6,1924,20.6700
7,1924,20.6700
8,1924,20.6700
9,1924,20.6700
10,1924,20.6700
11,1924,20.6700
12,1924,20.6700
1,1925,20.6700
2,1925,20.6700
3,1925,20.6700
4,1925,20.6700
5,1925,20.6700
6,1925,20.6700
7,1925,20.6700
8,1925,20.6700
9,1925,20.6700
10,1925,20.6700
11,1925,20.6700
12,1925,20.6700
1,1926,20.6700
2,1926,20.6700
3,1926,20.6700
4,1926,20.6700
5,1926,20.6700
6,1926,20.6700
7,1926,20.6700
8,1926,20.6700
9,1926,20.6700
10,1926,20.6700
11,1926,20.6700
12,1926,20.6700
1,1927,20.6700
2,1927,20.6700
3,1927,20.6700
4,1927,20.6700
5,1927,20.6700
6,1927,20.6700
7,1927,20.6700
8,1927,20.6700
9,1927,20.6700
10,1927,20.6700
11,1927,20.6700
12,1927,20.6700
1,1928,20.6700
2,1928,20.6700
3,1928,20.6700
4,1928,20.6700
5,1928,20.6700
6,1928,20.6700
7,1928,20.6700
8,1928,20.6700
9,1928,20.6700
10,1928,20.6700
11,1928,20.6700
12,1928,20.6700
1,1929,20.6700
2,1929,20.6700
3,1929,20.6700
4,1929,20.6700
5,1929,20.6700
6,1929,20.6700
7,1929,20.6700
8,1929,20.6700
9,1929,20.6700
10,1929,20.6700
11,1929,20.6700
12,1929,20.6700
1,1930,20.6700
2,1930,20.6700
3,1930,20.6700
4,1930,20.6700
5,1930,20.6700
6,1930,20.6700
7,1930,20.6700
8,1930,20.6700
9,1930,20.6700
10,1930,20.6700
11,1930,20.6700
12,1930,20.6700
1,1931,20.6700
2,1931,20.6700
3,1931,20.6700
4,1931,20.6700
5,1931,20.6700
6,1931,20.6700
7,1931,20.6700
8,1931,20.6700
9,1931,20.6700
10,1931,20.6700
11,1931,20.6700
12,1931,20.6700
1,1932,20.6700
2,1932,20.6700
3,1932,20.6700
4,1932,20.6700
5,1932,20.6700
6,1932,20.6700
7,1932,20.6700
8,1932,20.6700
9,1932,20.6700
10,1932,20.6700
11,1932,20.6700
12,1932,20.6700
1,1933,32.3200
2,1933,32.3200
3,1933,32.3200
4,1933,32.3200
5,1933,32.3200
6,1933,32.3200
7,1933,32.3200
8,1933,32.3200
9,1933,32.3200
10,1933,32.3200
11,1933,32.3200
12,1933,32.3200
1,1934,35.0000
2,1934,35.0000
3,1934,35.0000
4,1934,35.0000
5,1934,35.0000
6,1934,35.0000
7,1934,35.0000
8,1934,35.0000
9,1934,35.0000
10,1934,35.0000
11,1934,35.0000
12,1934,35.0000
1,1935,35.0000
2,1935,35.0000
3,1935,35.0000
4,1935,35.0000
5,1935,35.0000
6,1935,35.0000
7,1935,35.0000
8,1935,35.0000
9,1935,35.0000
10,1935,35.0000
11,1935,35.0000
12,1935,35.0000
1,1936,35.0000
2,1936,35.0000
3,1936,35.0000
4,1936,35.0000
5,1936,35.0000
6,1936,35.0000
7,1936,35.0000
8,1936,35.0000
9,1936,35.0000
10,1936,35.0000
11,1936,35.0000
12,1936,35.0000
1,1937,35.0000
2,1937,35.0000
3,1937,35.0000
4,1937,35.0000
5,1937,35.0000
6,1937,35.0000
7,1937,35.0000
8,1937,35.0000
9,1937,35.0000
10,1937,35.0000
11,1937,35.0000
12,1937,35.0000
1,1938,35.0000
2,1938,35.0000
3,1938,35.0000
4,1938,35.0000
5,1938,35.0000
6,1938,35.0000
7,1938,35.0000
8,1938,35.0000
9,1938,35.0000
10,1938,35.0000
11,1938,35.0000
12,1938,35.0000
1,1939,35.0000
2,1939,35.0000
3,1939,35.0000
4,1939,35.0000
5,1939,35.0000
6,1939,35.0000
7,1939,35.0000
8,1939,35.0000
9,1939,35.0000
10,1939,35.0000
11,1939,35.0000
12,1939,35.0000
1,1940,34.5000
2,1940,34.5000
3,1940,34.5000
4,1940,34.5000
5,1940,34.5000
6,1940,34.5000
7,1940,34.5000
8,1940,34.5000
9,1940,34.5000
10,1940,34.5000
11,1940,34.5000
12,1940,34.5000
1,1941,35.5000
2,1941,35.5000
3,1941,35.5000
4,1941,35.5000
5,1941,35.5000
6,1941,35.5000
7,1941,35.5000
8,1941,35.5000
9,1941,35.5000
10,1941,35.5000
11,1941,35.5000
12,1941,35.5000
1,1942,35.5000
2,1942,35.5000
3,1942,35.5000
4,1942,35.5000
5,1942,35.5000
6,1942,35.5000
7,1942,35.5000
8,1942,35.5000
9,1942,35.5000
10,1942,35.5000
11,1942,35.5000
12,1942,35.5000
1,1943,36.5000
2,1943,36.5000
3,1943,36.5000
4,1943,36.5000
5,1943,36.5000
6,1943,36.5000
7,1943,36.5000
8,1943,36.5000
9,1943,36.5000
10,1943,36.5000
11,1943,36.5000
12,1943,36.5000
1,1944,36.2500
2,1944,36.2500
3,1944,36.2500
4,1944,36.2500
5,1944,36.2500
6,1944,36.2500
7,1944,36.2500
8,1944,36.2500
9,1944,36.2500
10,1944,36.2500
11,1944,36.2500
12,1944,36.2500
1,1945,37.2500
2,1945,37.2500
3,1945,37.2500
4,1945,37.2500
5,1945,37.2500
6,1945,37.2500
7,1945,37.2500
8,1945,37.2500
9,1945,37.2500
10,1945,37.2500
11,1945,37.2500
12,1945,37.2500
1,1946,38.2500
2,1946,38.2500
3,1946,38.2500
4,1946,38.2500
5,1946,38.2500
6,1946,38.2500
7,1946,38.2500
8,1946,38.2500
9,1946,38.2500
10,1946,38.2500
11,1946,38.2500
12,1946,38.2500
1,1947,43.0000
2,1947,43.0000
3,1947,43.0000
4,1947,43.0000
5,1947,43.0000
6,1947,43.0000
7,1947,43.0000
8,1947,43.0000
9,1947,43.0000
10,1947,43.0000
11,1947,43.0000
12,1947,43.0000
1,1948,42.0000
2,1948,42.0000
3,1948,42.0000
4,1948,42.0000
5,1948,42.0000
6,1948,42.0000
7,1948,42.0000
8,1948,42.0000
9,1948,42.0000
10,1948,42.0000
11,1948,42.0000
12,1948,42.0000
1,1949,40.5000
2,1949,40.5000
3,1949,40.5000
4,1949,40.5000
5,1949,40.5000
6,1949,40.5000
7,1949,40.5000
8,1949,40.5000
9,1949,40.5000
10,1949,40.5000
11,1949,40.5000
12,1949,40.5000
1,1950,40.2500
2,1950,40.2500
3,1950,40.2500
4,1950,40.2500
5,1950,40.2500
6,1950,40.2500
7,1950,40.2500
8,1950,40.2500
9,1950,40.2500
10,1950,40.2500
11,1950,40.2500
12,1950,40.2500
1,1951,40.0000
2,1951,40.0000
3,1951,40.0000
4,1951,40.0000
5,1951,40.0000
6,1951,40.0000
7,1951,40.0000
8,1951,40.0000
9,1951,40.0000
10,1951,40.0000
11,1951,40.0000
12,1951,40.0000
1,1952,38.7000
2,1952,38.7000
3,1952,38.7000
4,1952,38.7000
5,1952,38.7000
6,1952,38.7000
7,1952,38.7000
8,1952,38.7000
9,1952,38.7000
10,1952,38.7000
11,1952,38.7000
12,1952,38.7000
1,1953,35.5000
2,1953,35.5000
3,1953,35.5000
4,1953,35.5000
5,1953,35.5000
6,1953,35.5000
7,1953,35.5000
8,1953,35.5000
9,1953,35.5000
10,1953,35.5000
11,1953,35.5000
12,1953,35.5000
1,1954,35.2500
2,1954,35.2500
3,1954,35.2500
4,1954,35.2500
5,1954,35.2500
6,1954,35.2500
7,1954,35.2500
8,1954,35.2500
9,1954,35.2500
10,1954,35.2500
11,1954,35.2500
12,1954,35.2500
1,1955,35.1500
2,1955,35.1500
3,1955,35.1500
4,1955,35.1500
5,1955,35.1500
6,1955,35.1500
7,1955,35.1500
8,1955,35.1500
9,1955,35.1500
10,1955,35.1500
11,1955,35.1500
12,1955,35.1500
1,1956,35.2000
2,1956,35.2000
3,1956,35.2000
4,1956,35.2000
5,1956,35.2000
6,1956,35.2000
7,1956,35.2000
8,1956,35.2000
9,1956,35.2000
10,1956,35.2000
11,1956,35.2000
12,1956,35.2000
1,1957,35.2500
2,1957,35.2500
3,1957,35.2500
4,1957,35.2500
5,1957,35.2500
6,1957,35.2500
7,1957,35.2500
8,1957,35.2500
9,1957,35.2500
10,1957,35.2500
11,1957,35.2500
12,1957,35.2500
1,1958,35.2500
2,1958,35.2500
3,1958,35.2500
4,1958,35.2500
5,1958,35.2500
6,1958,35.2500
7,1958,35.2500
8,1958,35.2500
9,1958,35.2500
10,1958,35.2500
11,1958,35.2500
12,1958,35.2500
1,1959,35.2500
2,1959,35.2500
3,1959,35.2500
4,1959,35.2500
5,1959,35.2500
6,1959,35.2500
7,1959,35.2500
8,1959,35.2500
9,1959,35.2500
10,1959,35.2500
11,1959,35.2500
12,1959,35.2500
1,1960,36.5000
2,1960,36.5000
3,1960,36.5000
4,1960,36.5000
5,1960,36.5000
6,1960,36.5000
7,1960,36.5000
8,1960,36.5000
9,1960,36.5000
10,1960,36.5000
11,1960,36.5000
12,1960,36.5000
1,1961,35.5000
2,1961,35.5000
3,1961,35.5000
4,1961,35.5000
5,1961,35.5000
6,1961,35.5000
7,1961,35.5000
8,1961,35.5000
9,1961,35.5000
10,1961,35.5000
11,1961,35.5000
12,1961,35.5000
1,1962,35.3500
2,1962,35.3500
3,1962,35.3500
4,1962,35.3500
5,1962,35.3500
6,1962,35.3500
7,1962,35.3500
8,1962,35.3500
9,1962,35.3500
10,1962,35.3500
11,1962,35.3500
12,1962,35.3500
1,1963,35.2500
2,1963,35.2500
3,1963,35.2500
4,1963,35.2500
5,1963,35.2500
6,1963,35.2500
7,1963,35.2500
8,1963,35.2500
9,1963,35.2500
10,1963,35.2500
11,1963,35.2500
12,1963,35.2500
1,1964,35.3500
2,1964,35.3500
3,1964,35.3500
4,1964,35.3500
5,1964,35.3500
6,1964,35.3500
7,1964,35.3500
8,1964,35.3500
9,1964,35.3500
10,1964,35.3500
11,1964,35.3500
12,1964,35.3500
1,1965,35.5000
2,1965,35.5000
3,1965,35.5000
4,1965,35.5000
5,1965,35.5000
6,1965,35.5000
7,1965,35.5000
8,1965,35.5000
9,1965,35.5000
10,1965,35.5000
11,1965,35.5000
12,1965,35.5000
1,1966,35.4000
2,1966,35.4000
3,1966,35.4000
4,1966,35.4000
5,1966,35.4000
6,1966,35.4000
7,1966,35.4000
8,1966,35.4000
9,1966,35.4000
10,1966,35.4000
11,1966,35.4000
12,1966,35.4000
1,1967,35.5000
2,1967,35.5000
3,1967,35.5000
4,1967,35.5000
5,1967,35.5000
6,1967,35.5000
7,1967,35.5000
8,1967,35.5000
9,1967,35.5000
10,1967,35.5000
11,1967,35.5000
12,1967,35.5000
1,1968,35.2000
2,1968,35.2000
3,1968,35.2000
4,1968,39.1000
5,1968,41.9500
6,1968,40.9000
7,1968,38.8500
8,1968,39.8000
9,1968,39.6000
10,1968,39.0000
11,1968,39.8500
12,1968,41.9000
1,1969,42.5400
2,1969,42.7000
3,1969,42.9000
4,1969,43.6000
5,1969,43.0800
6,1969,41.2000
7,1969,41.3900
8,1969,40.8600
9,1969,40.6800
10,1969,39.7500
11,1969,35.6000
12,1969,35.2000
1,1970,34.9900
2,1970,35.0200
3,1970,35.3000
4,1970,35.8500
5,1970,35.4500
6,1970,35.4900
7,1970,35.3000
8,1970,35.8000
9,1970,36.4000
10,1970,37.2500
11,1970,37.5400
12,1970,37.3800
1,1971,38.0500
2,1971,38.8000
3,1971,38.8800
4,1971,39.7000
5,1971,40.8400
6,1971,40.1000
7,1971,42.4000
8,1971,40.6500
9,1971,42.6000
10,1971,42.3400
11,1971,43.6000
12,1971,43.6300
1,1972,47.1500
2,1972,48.2000
3,1972,48.3800
4,1972,49.6000
5,1972,59.4500
6,1972,64.6500
7,1972,68.3000
8,1972,66.8800
9,1972,64.2000
10,1972,64.3900
11,1972,63.6000
12,1972,64.9000
1,1973,66.0000
2,1973,85.0000
3,1973,90.0000
4,1973,90.7300
5,1973,114.7500
6,1973,123.2500
7,1973,115.6000
8,1973,103.5000
9,1973,100.0000
10,1973,98.0000
11,1973,101.0000
12,1973,112.2500
1,1974,132.5000
2,1974,162.5000
3,1974,173.0000
4,1974,169.2500
5,1974,156.7500
6,1974,144.2500
7,1974,156.0000
8,1974,156.0000
9,1974,151.2500
10,1974,167.0000
11,1974,184.0000
12,1974,186.5000
1,1975,175.8000
2,1975,181.7500
3,1975,177.2500
4,1975,167.0000
5,1975,167.0000
6,1975,166.2500
7,1975,166.7000
8,1975,159.8000
9,1975,141.2500
10,1975,142.9000
11,1975,138.1500
12,1975,140.2500
1,1976,128.1500
2,1976,132.3000
3,1976,129.6000
4,1976,128.4000
5,1976,125.5000
6,1976,123.8000
7,1976,112.5000
8,1976,104.0000
9,1976,116.0000
10,1976,123.1500
11,1976,130.2500
12,1976,134.5000
1,1977,132.3000
2,1977,142.7500
3,1977,148.9000
4,1977,147.2500
5,1977,142.9500
6,1977,143.0000
7,1977,144.1000
8,1977,146.0000
9,1977,154.0500
10,1977,161.5000
11,1977,160.0500
12,1977,164.9500
1,1978,175.7500
2,1978,182.2500
3,1978,181.6000
4,1978,170.8500
5,1978,184.1500
6,1978,183.0500
7,1978,200.2500
8,1978,208.7000
9,1978,217.1000
10,1978,242.6000
11,1978,193.4000
12,1978,226.0000
1,1979,233.7000
2,1979,251.3000
3,1979,240.1000
4,1979,245.3000
5,1979,274.6000
6,1979,277.5000
7,1979,296.4500
8,1979,315.1000
9,1979,397.2500
10,1979,382.0000
11,1979,415.6500
12,1979,512.0000
1,1980,653.0000
2,1980,637.0000
3,1980,494.5000
4,1980,518.0000
5,1980,535.5000
6,1980,653.5000
7,1980,614.2500
8,1980,631.2500
9,1980,666.7500
10,1980,629.0000
11,1980,619.7500
12,1980,589.7500
1,1981,506.5000
2,1981,489.0000
3,1981,513.7500
4,1981,482.7500
5,1981,479.2500
6,1981,426.0000
7,1981,406.0000
8,1981,425.0000
9,1981,428.7500
10,1981,427.0000
11,1981,414.5000
12,1981,397.5000
1,1982,387.0000
2,1982,362.6000
3,1982,320.0000
4,1982,361.2500
5,1982,325.2500
6,1982,317.5000
7,1982,342.9000
8,1982,411.5000
9,1982,397.0000
10,1982,423.2500
11,1982,436.0000
12,1982,456.9000
1,1983,499.5000
2,1983,408.5000
3,1983,414.7500
4,1983,429.2500
5,1983,437.5000
6,1983,416.0000
7,1983,422.0000
8,1983,414.2500
9,1983,405.0000
10,1983,382.0000
11,1983,405.0000
12,1983,382.4000
1,1984,373.7500
2,1984,394.2500
3,1984,388.5000
4,1984,375.8000
5,1984,384.2500
6,1984,373.0500
7,1984,342.3500
8,1984,348.2500
9,1984,343.7500
10,1984,333.5000
11,1984,329.0000
12,1984,308.3000
1,1985,306.6500
2,1985,287.7500
3,1985,329.2500
4,1985,321.3500
5,1985,314.0000
6,1985,317.7500
7,1985,327.5000
8,1985,333.2500
9,1985,325.7500
10,1985,325.1000
11,1985,325.3000
12,1985,326.8000
1,1986,350.5000
2,1986,338.1500
3,1986,344.0000
4,1986,345.7500
5,1986,343.2000
6,1986,346.7500
7,1986,357.5000
8,1986,384.7000
9,1986,423.2000
10,1986,401.0000
11,1986,389.5000
12,1986,388.7500
1,1987,400.5000
2,1987,405.8500
3,1987,421.0000
4,1987,453.2500
5,1987,451.0000
6,1987,447.3000
7,1987,462.5000
8,1987,453.4000
9,1987,459.5000
10,1987,468.8000
11,1987,492.5000
12,1987,484.1000
1,1988,458.0000
2,1988,426.1500
3,1988,456.9500
4,1988,449.0000
5,1988,455.5000
6,1988,436.5500
7,1988,436.8000
8,1988,427.7500
9,1988,396.7000
10,1988,412.4000
11,1988,422.6000
12,1988,410.2500
1,1989,394.0000
2,1989,387.0000
3,1989,383.2000
4,1989,377.5500
5,1989,361.8000
6,1989,373.0000
7,1989,368.3000
8,1989,359.8000
9,1989,366.5000
10,1989,375.3000
11,1989,408.1500
12,1989,398.6000
1,1990,415.0500
2,1990,407.7000
3,1990,368.5000
4,1990,367.7500
5,1990,363.0500
6,1990,352.2000
7,1990,372.3000
8,1990,387.7500
9,1990,408.4000
10,1990,379.5000
11,1990,384.8500
12,1990,386.2000
1,1991,366.0000
2,1991,362.7000
3,1991,355.6500
4,1991,357.7500
5,1991,360.4000
6,1991,368.3500
7,1991,362.8500
8,1991,347.4000
9,1991,354.9000
10,1991,357.4500
11,1991,366.3000
12,1991,353.1500
1,1992,354.1000
2,1992,353.1000
3,1992,341.7000
4,1992,336.3500
5,1992,337.5000
6,1992,343.4000
7,1992,357.8500
8,1992,340.0000
9,1992,349.0000
10,1992,339.2500
11,1992,334.2000
12,1992,332.9000
1,1993,330.4500
2,1993,327.6000
3,1993,337.8000
4,1993,354.3000
5,1993,377.4500
6,1993,378.4500
7,1993,401.7500
8,1993,371.5500
9,1993,355.5000
10,1993,369.6000
11,1993,370.9000
12,1993,391.7500
1,1994,377.9000
2,1994,381.5500
3,1994,389.2000
4,1994,376.4500
5,1994,387.6000
6,1994,388.2500
7,1994,384.0000
8,1994,385.7500
9,1994,394.8500
10,1994,383.8500
11,1994,383.1000
12,1994,383.2500
1,1995,374.9000
2,1995,376.4000
3,1995,392.0000
4,1995,389.7500
5,1995,384.3000
6,1995,387.0500
7,1995,383.3500
8,1995,382.3500
9,1995,384.0000
10,1995,382.6500
11,1995,387.8000
12,1995,387.0000
1,1996,405.5500
2,1996,400.6500
3,1996,396.3500
4,1996,391.3000
5,1996,390.5500
6,1996,382.0000
7,1996,385.3000
8,1996,386.4500
9,1996,379.0000
10,1996,379.5000
11,1996,371.3000
12,1996,369.2500
1,1997,345.5000
2,1997,358.6000
3,1997,348.1500
4,1997,340.1500
5,1997,345.6000
6,1997,334.5500
7,1997,326.3500
8,1997,325.3500
9,1997,332.1000
10,1997,311.4000
11,1997,296.8000
12,1997,290.2000
1,1998,304.8500
2,1998,297.4000
3,1998,301.0000
4,1998,310.7000
5,1998,293.6000
6,1998,296.3000
7,1998,288.8500
8,1998,273.4000
9,1998,293.8500
10,1998,292.3000
11,1998,294.7000
12,1998,287.8000
1,1999,285.4000
2,1999,287.0500
3,1999,279.4500
4,1999,286.6000
5,1999,268.6000
6,1999,261.0000
7,1999,255.6000
8,1999,254.8000
9,1999,299.0000
10,1999,299.1000
11,1999,291.3500
12,1999,290.2500
1,2000,283.3000
2,2000,293.6500
3,2000,276.7500
4,2000,275.0500
5,2000,272.2500
6,2000,288.1500
7,2000,276.7500
8,2000,277.0000
9,2000,273.6500
10,2000,264.5000
11,2000,269.1000
12,2000,274.4500
1,2001,264.5000
2,2001,266.7000
3,2001,257.7000
4,2001,263.1500
5,2001,267.5000
6,2001,270.6000
7,2001,265.9000
8,2001,273.0000
9,2001,293.1000
10,2001,278.7500
11,2001,275.5000
12,2001,276.5000
1,2002,282.3000
2,2002,296.8500
3,2002,301.4000
4,2002,308.2000
5,2002,326.6000
6,2002,318.5000
7,2002,304.6500
8,2002,312.8000
9,2002,323.7000
10,2002,316.9000
11,2002,319.0500
12,2002,347.2000
1,2003,367.5000
2,2003,347.4500
3,2003,334.8500
4,2003,336.7500
5,2003,361.4000
6,2003,346.0000
7,2003,354.7500
8,2003,375.6000
9,2003,388.0000
10,2003,386.2500
11,2003,398.3500
12,2003,416.2500
1,2004,399.7500
2,2004,395.8500
3,2004,423.7000
4,2004,388.5000
5,2004,393.2500
6,2004,395.8000
7,2004,391.4000
8,2004,407.2500
9,2004,415.6500
10,2004,425.5500
11,2004,453.4000
12,2004,435.6000
1,2005,422.1500
2,2005,435.4500
3,2005,427.5000
4,2005,435.7000
5,2005,414.4500
6,2005,437.1000
7,2005,429.0000
8,2005,433.2500
9,2005,473.2500
10,2005,470.7500
11,2005,495.6500
12,2005,513.0000
1,2006,568.7500
2,2006,556.0000
3,2006,582.0000
4,2006,644.0000
5,2006,653.0000
6,2006,613.5000
7,2006,632.5000
8,2006,623.5000
9,2006,599.2500
10,2006,603.7500
11,2006,646.7000
12,2006,632.0000
1,2007,650.5000
2,2007,664.2000
3,2007,661.7500
4,2007,677.0000
5,2007,659.1000
6,2007,650.5000
7,2007,665.5000
8,2007,672.0000
9,2007,743.0000
10,2007,789.5000
11,2007,783.5000
12,2007,833.7500
1,2008,923.2500
2,2008,971.5000
3,2008,933.5000
4,2008,871.0000
5,2008,885.7500
6,2008,930.2500
7,2008,918.0000
8,2008,833.0000
9,2008,884.5000
10,2008,730.7500
11,2008,814.5000
12,2008,869.7500
1,2009,919.5000
2,2009,952.0000
3,2009,916.5000
4,2009,883.2500
5,2009,975.5000
6,2009,934.5000
7,2009,939.0000
8,2009,955.5000
9,2009,995.7500
10,2009,1040.0000
11,2009,1175.7500
12,2009,1087.5000
1,2010,1078.5000
2,2010,1108.2500
3,2010,1115.5000
4,2010,1179.2500
5,2010,1207.5000
6,2010,1244.0000
7,2010,1169.0000
8,2010,1246.0000
9,2010,1307.0000
10,2010,1346.7500
11,2010,1383.5000
12,2010,1405.5000
1,2011,1327.0000
2,2011,1411.0000
3,2011,1439.0000
4,2011,1535.5000
5,2011,1536.5000
6,2011,1505.5000
7,2011,1628.5000
8,2011,1813.5000
9,2011,1620.0000
10,2011,1722.0000
11,2011,1746.0000
12,2011,1531.0000
1,2012,1744.0000
2,2012,1770.0000
3,2012,1662.5000
4,2012,1651.2500
5,2012,1558.0000
6,2012,1598.5000
7,2012,1622.0000
8,2012,1648.5000
9,2012,1776.0000
10,2012,1719.0000
11,2012,1726.0000
12,2012,1657.5000
1,2013,1664.7500
2,2013,1588.5000
3,2013,1598.2500
4,2013,1469.0000
5,2013,1394.5000
6,2013,1192.0000
7,2013,1314.5000
8,2013,1394.7500
9,2013,1326.5000
10,2013,1324.0000
11,2013,1253.0000
12,2013,1204.5000
1,2014,1251.0000
2,2014,1326.5000
3,2014,1291.7500
4,2014,1288.5000
5,2014,1250.5000
6,2014,1315.0000
7,2014,1285.2500
8,2014,1285.7500
9,2014,1216.5000
10,2014,1164.2500
11,2014,1182.7500
12,2014,1206.0000
1,2015,1260.2500
2,2015,1214.0000
3,2015,1187.0000
4,2015,1180.2500
5,2015,1191.4000
6,2015,1171.0000
7,2015,1098.4000
8,2015,1135.0000
9,2015,1114.0000
10,2015,1142.3500
11,2015,1061.9000
12,2015,1060.0000
1,2016,1111.8000
2,2016,1234.9000
3,2016,1237.0000
4,2016,1285.6500
5,2016,1212.1000
6,2016,1320.7500
7,2016,1342.0000
8,2016,1309.2500
9,2016,1322.5000
10,2016,1272.0000
11,2016,1178.1000
12,2016,1145.9000
1,2017,1212.8000
2,2017,1255.6000
3,2017,1244.8500
4,2017,1266.4500
5,2017,1266.2000
6,2017,1242.2500
7,2017,1267.5500
8,2017,1311.7500
9,2017,1283.1000
10,2017,1270.1500
11,2017,1280.2000
12,2017,1291.0000
1,2018,1345.0500
2,2018,1317.8500
3,2018,1323.8500
4,2018,1313.2000
5,2018,1305.3500
6,2018,1250.4500
7,2018,1220.9500
8,2018,1202.4500
9,2018,1187.2500
10,2018,1214.9500
11,2018,1217.5500
12,2018,1279.0000
1,2019,1323.2500
2,2019,1319.1500
3,2019,1295.4000
4,2019,1282.3000
5,2019,1295.5500
6,2019,1409.0000
7,2019,1427.5500
8,2019,1528.4000
9,2019,1485.3000
10,2019,1510.9500
11,2019,1460.1500
12,2019,1514.7500
1,2020,1584.2000
2,2020,1609.8500
3,2020,1608.9500
4,2020,1702.7500
5,2020,1728.7000
6,2020,1768.1000
7,2020,1964.9000
8,2020,1957.3500
9,2020,1886.9000
10,2020,1881.8500
11,2020,1762.5500
12,2020,1887.6000
1,2021,1863.8000
2,2021,1742.8500
3,2021,1691.0500
4,2021,1767.6500
5,2021,1899.9500
6,2021,1763.1500
7,2021,1825.7500
8,2021,1814.8500
9,2021,1742.8000
10,2021,1769.1500
11,2021,1804.4000
12,2021,1805.8500
1,2022,1795.2500
2,2022,1909.8500
3,2022,1942.1500
4,2022,1911.3000
5,2022,1838.7000
6,2022,1817.0000
7,2022,1753.4000
8,2022,1715.9000
9,2022,1671.7500
10,2022,1639.0000
11,2022,1753.5000
12,2022,1813.7500
1,2023,1923.9000
2,2023,1824.6000
3,2023,1979.7000
4,2023,1982.5500
5,2023,1964.4000
6,2023,1912.2500
7,2023,1970.6500
8,2023,1942.3000
9,2023,1870.5000
10,2023,1996.9000
11,2023,2035.4500
12,2023,2078.4000
1,2024,2053.2500
2,2024,2048.0500
3,2024,2214.3500
4,2024,2307.0000
5,2024,2348.2500
6,2024,2330.9000
7,2024,2426.3000
8,2024,2513.3500
9,2024,2629.9500
10,2024,2734.1500
11,2024,2651.0500
12,2024,2609.1000
1,2025,2812.0500
2,2025,2834.5500
3,2025,3115.1000
4,2025,3302.0500
5,2025,3277.5500
6,2025,3287.4500
7,2025,3298.8500
8,2025,3429.1500
9,2025,3825.3000
10,2025,4011.5000
11,2025,4191.0500
12,2025,4367.8000
1,2026,4981.8500
2,2026,5222.3000
3,2026,4608.3500
4,2026,4611.3500
5,2026,4545.9500
6,2026,4026.0500
7,2026,4026.6000
8,2026,4562.7500
9,2026,4329.5500
